oppo,2016年3月,不支持5g,不支持volte,支持全网通,oppo r9,2499,78
oppo,2016年5月,不支持5g,不支持volte,支持全网通,oppo a37,1099,65
oppo,2016年6月,不支持5g,不支持volte,支持全网通,oppo a59,1799,79
vivo,2016年7月,不支持5g,不支持volte,支持全网通,vivo x7,2498,77
苹果,2016年9月,不支持5g,支持volte,支持全网通,苹果iphone 7,5388,81
苹果,2016年9月,不支持5g,支持volte,支持全网通,苹果iphone 7p,6388,81
oppo,2016年10月,不支持5g,不支持volte,支持全网通,oppo r9s,2599,82
oppo,2016年10月,不支持5g,不支持volte,支持全网通,oppo a59s,1799,77
vivo,2016年12月,不支持5g,不支持volte,支持全网通,vivo y66i,1298,64
oppo,2016年11月,不支持5g,不支持volte,支持全网通,oppo a57,1099,76
vivo,2016年11月,不支持5g,不支持volte,支持全网通,vivo x9,2598,85
华为,2016年11月,不支持5g,不支持volte,支持全网通,华为mate 9,3899,78
oppo,2016年12月,不支持5g,不支持volte,支持全网通,oppo r9s plus,3499,81
oppo,2016年12月,不支持5g,不支持volte,支持全网通,oppo r9sk,2599,82
oppo,2017年6月,不支持5g,不支持volte,支持全网通,oppo r11,2799,91
vivo,2017年9月,不支持5g,支持volte,支持全网通,vivo x20,2798,91
苹果,2017年10月,不支持5g,支持volte,支持全网通,苹果iphone x,8388,80
苹果,2017年9月,不支持5g,支持volte,支持全网通,苹果iphone 8,5888,71
苹果,2017年9月,不支持5g,支持volte,支持全网通,苹果iphone8 plush,6688,83
honor,2017年10月,不支持5g,支持volte,支持全网通,荣耀畅玩7x,1899,73
华为,2017年10月,不支持5g,支持volte,支持全网通,华为mate 10,3899,85
oppo,2017年11月,不支持5g,支持volte,支持全网通,oppo r11s,2799,92
华为,2017年10月,不支持5g,支持volte,支持全网通,mate 10 pro,4899,88
小米,2017年12月,不支持5g,支持volte,支持全网通,红米5 plus,1299,58
honor,2017年11月,不支持5g,支持volte,支持全网通,荣耀v10,3199,83
华为,2017年12月,不支持5g,支持volte,支持全网通,华为nova 2s,2699,76
oppo,2017年12月,不支持5g,支持volte,支持全网通,oppo a83,1199,58
华为,2018年3月,不支持5g,支持volte,支持全网通,华为畅享8,1399,62
vivo,2018年3月,不支持5g,支持volte,支持全网通,vivo y85,1798,81
vivo,2018年3月,不支持5g,支持volte,支持全网通,vivo x21,2998,91
华为,2018年3月,不支持5g,支持volte,支持全网通,华为畅享8e,1199,53
vivo,2018年4月,不支持5g,支持volte,支持全网通,vivo y71,1198,83
oppo,2018年4月,不支持5g,支持volte,支持全网通,oppo r15,2699,91
honor,2018年3月,不支持5g,支持volte,支持全网通,荣耀畅玩7c,1099,75
honor,2018年3月,不支持5g,支持volte,支持全网通,荣耀畅玩7a,1199,70
华为,2018年4月,不支持5g,支持volte,支持全网通,华为p20 pro,5488,83
华为,2018年4月,不支持5g,支持volte,支持全网通,华为p20（全网通）,3788,83
oppo,2018年5月,不支持5g,支持volte,支持全网通,oppo a3,1799,88
vivo,2018年5月,不支持5g,支持volte,支持全网通,vivo x21i,2398,66
vivo,2018年5月,不支持5g,支持volte,支持全网通,vivo y83,1498,58
honor,2018年4月,不支持5g,支持volte,支持全网通,红米10,3199,79
小米,2018年5月,不支持5g,支持volte,支持全网通,小米6x,1799,57
小米,2018年6月,不支持5g,支持volte,支持全网通,小米8,3299,53
小米,2018年6月,不支持5g,支持volte,支持全网通,小米红米6a,899,60
小米,2018年6月,不支持5g,支持volte,支持全网通,红米6,999,60
华为,2018年7月,不支持5g,支持volte,支持全网通,华为nova 3,2999,69
华为,2018年9月,不支持5g,支持volte,支持全网通,华为麦芒7,2399,63
华为,2018年5月,不支持5g,支持volte,支持全网通,华为畅享8e青春版,899,50
华为,2018年7月,不支持5g,支持volte,支持全网通,华为  nova3i,1999,74
vivo,2018年9月,不支持5g,支持volte,支持全网通,vivo x27,1298,95
vivo,2018年6月,不支持5g,支持volte,支持全网通,vivo nex旗舰版,3998,93
honor,2018年5月,不支持5g,支持volte,支持全网通,荣耀7,999,73
honor,2018年6月,不支持5g,支持volte,支持全网通,荣耀9i,1599,63
honor,2018年6月,不支持5g,支持volte,支持全网通,荣耀play,2599,60
oppo,2018年7月,不支持5g,支持volte,支持全网通,oppo a5,1199,86
oppo,2018年7月,不支持5g,支持volte,支持全网通,oppo find x,4999,94
vivo,2018年9月,不支持5g,支持volte,支持全网通,vivo y97,1898,88
vivo,2018年9月,不支持5g,支持volte,支持全网通,vivo x23幻彩版,3598,74
honor,2018年10月,不支持5g,支持volte,支持全网通,荣耀畅玩8c,1599,78
honor,2018年9月,不支持5g,支持volte,支持全网通,荣耀8x max,1999,77
oppo,2018年10月,不支持5g,支持volte,支持全网通,oppo r15x,2499,93
oppo,2018年9月,不支持5g,支持volte,支持全网通,oppo a7x,2099,86
oppo,2018年8月,不支持5g,支持volte,支持全网通,oppo r17,3199,93
oppo,2018年11月,不支持5g,支持volte,支持全网通,oppo a7,1599,88
honor,2018年9月,不支持5g,支持volte,支持全网通, 荣耀8x,2099,86
honor,2018年9月,不支持5g,支持volte,支持全网通,荣耀8x,1599,86
苹果,2018年9月,不支持5g,支持volte,支持全网通,iphone xs,8699,64
苹果,2018年9月,不支持5g,支持volte,支持全网通,苹果iphone xr,6499,69
苹果,2018年9月,不支持5g,支持volte,支持全网通,苹果iphone xs max,9599,66
小米,2018年9月,不支持5g,支持volte,支持全网通,小米8青春版,2300,64
oppo,2018年10月,不支持5g,支持volte,支持全网通,oppo k1,1799,92
vivo,2019年3月,不支持5g,支持volte,支持全网通,vivo nex双屏版,4998,95
vivo,2018年11月,不支持5g,支持volte,支持全网通,vivo y93,1390,67
vivo,2018年11月,不支持5g,支持volte,支持全网通,vivo x23（全网通）,3098,94
vivo,2018年11月,不支持5g,支持volte,支持全网通,vivo y93s,1698,71
honor,2018年12月,不支持5g,支持volte,支持全网通,荣耀v20,3699,94
honor,2018年11月,不支持5g,支持volte,支持全网通,荣耀10青春版,1899,76
华为,2018年10月,不支持5g,支持volte,支持全网通,华为mate 20 pro,1999,95
华为,2018年10月,不支持5g,支持volte,支持全网通,华为畅享max,1899,72
华为,2018年10月,不支持5g,支持volte,支持全网通,华为mate 20 x,4999,99
华为,2018年10月,不支持5g,支持volte,支持全网通, 华为mate 20 pro,5399,95
华为,2018年12月,不支持5g,支持volte,支持全网通,华为nova 4,3099,94
华为,2018年11月,不支持5g,支持volte,支持全网通,华为畅享9,1499,70
华为,2018年10月,不支持5g,支持volte,支持全网通,华为畅享9 plus,1799,77
三星,2019年3月,不支持5g,支持volte,支持全网通,三星galaxy s10,5999,73
三星,2019年3月,不支持5g,支持volte,支持全网通,三星galaxy s10+,6999,86
华为,2019年6月,支持5g,支持volte,支持全网通,华为 mate 20 x,6199,92
小米,2019年6月,支持5g,支持volte,支持全网通,小米9 pro,4299,87
vivo,2019年6月,支持5g,支持volte,支持全网通,vivo iqoo pro,3798,84
vivo,2019年6月,支持5g,支持volte,支持全网通,vivo nex 3,5498,84
